timestamp,policy,client,client_port,server,loads
2026-10-07 16:22:37,round_robin,h1,34784,srv1,srv1=UP(1) srv2=UP(0) srv3=UP(0)
2026-10-07 16:22:38,round_robin,h1,34792,srv2,srv1=UP(0) srv2=UP(1) srv3=UP(0)
2026-10-07 16:22:39,round_robin,h1,53866,srv3,srv1=UP(0) srv2=UP(0) srv3=UP(1)
2026-10-07 16:22:41,round_robin,h1,53874,srv1,srv1=UP(1) srv2=UP(0) srv3=UP(0)
2026-10-07 16:22:42,round_robin,h1,53890,srv2,srv1=UP(0) srv2=UP(1) srv3=UP(0)
2026-10-07 16:22:44,round_robin,h1,53894,srv3,srv1=UP(0) srv2=UP(0) srv3=UP(1)
2026-10-07 16:30:06,round_robin,h2,47632,srv1,srv1=UP(1) srv2=UP(0) srv3=UP(0)
2026-10-07 16:30:11,round_robin,h2,50680,srv2,srv1=UP(0) srv2=UP(1) srv3=UP(0)
2026-10-07 16:30:16,round_robin,h2,50686,srv3,srv1=UP(0) srv2=UP(0) srv3=UP(1)
2026-10-07 16:36:12,least_loaded,h2,48012,srv1,srv1=UP(1) srv2=UP(0) srv3=UP(0)
2026-10-07 16:36:16,least_loaded,h2,48022,srv1,srv1=UP(1) srv2=UP(0) srv3=UP(0)
2026-10-07 16:36:21,least_loaded,h2,33794,srv2,srv1=UP(1) srv2=UP(1) srv3=UP(0)
2026-10-07 16:36:25,least_loaded,h2,33800,srv1,srv1=UP(1) srv2=UP(0) srv3=UP(0)
2026-10-07 16:36:26,least_loaded,h3,55258,srv2,srv1=UP(1) srv2=UP(1) srv3=UP(0)
2026-10-07 16:36:30,least_loaded,h2,50488,srv1,srv1=UP(1) srv2=UP(1) srv3=UP(0)
2026-10-07 16:36:31,least_loaded,h3,43260,srv2,srv1=UP(1) srv2=UP(1) srv3=UP(0)
2026-10-07 16:36:31,least_loaded,h1,38992,srv3,srv1=UP(1) srv2=UP(1) srv3=UP(1)
2026-10-07 16:36:36,least_loaded,h3,43274,srv1,srv1=UP(1) srv2=UP(0) srv3=UP(1)
2026-10-07 16:36:38,least_loaded,h1,39006,srv2,srv1=UP(1) srv2=UP(1) srv3=UP(0)
2026-10-07 16:36:40,least_loaded,h3,53664,srv1,srv1=UP(1) srv2=UP(1) srv3=UP(0)
2026-10-07 16:36:43,least_loaded,h1,37946,srv2,srv1=UP(1) srv2=UP(1) srv3=UP(0)
2026-10-07 16:36:45,least_loaded,h3,53680,srv1,srv1=UP(1) srv2=UP(1) srv3=UP(0)
2026-10-07 16:42:33,least_loaded,h1,40454,srv1,srv1=UP(1) srv2=DOWN srv3=UP(0)
2026-10-07 16:42:34,least_loaded,h1,40456,srv1,srv1=UP(1) srv2=DOWN srv3=UP(0)
2026-10-07 16:42:36,least_loaded,h1,40472,srv1,srv1=UP(1) srv2=DOWN srv3=UP(0)
2026-10-07 16:42:37,least_loaded,h1,40476,srv1,srv1=UP(1) srv2=DOWN srv3=UP(0)
2026-10-07 16:43:24,least_loaded,h1,52738,srv1,srv1=UP(1) srv2=UP(0) srv3=UP(0)
2026-10-07 16:43:26,least_loaded,h1,52744,srv1,srv1=UP(1) srv2=UP(0) srv3=UP(0)
2026-10-07 16:43:27,least_loaded,h1,52746,srv1,srv1=UP(1) srv2=UP(0) srv3=UP(0)
